"Tool:","Eeschema 7.0.10"
"Generator:","/usr/share/kicad/plugins/bom_csv_grouped_by_value.py"
"Component Count:","64"

"Collated Components:"

"Item","Qty","Reference(s)","Value","LibPart","Footprint","Datasheet","DNP","LNK1","LNK2","MFR","MPN","Pmax","Rating","SNB1","SNB2","SPL1","SPL2","SPN1","SPN2","TCR","Tolerance","UserValue"
"1","9","C1, C2, C3, C4, C5, C6, C7, C8, C9","10u_0402_LDK105CBJ106MVLF","00-kiml-capacitors-smd:10u_0402_LDK105CBJ106MVLF","Capacitor_SMD:C_0402_1005Metric","~","","https://jlcpcb.com/partdetail/TaiyoYuden-LDK105CBJ106MVLF/C386033","","Taiyo","LDK105CBJ106MVLF","","10V","Extended Part","","JLCPCB","","C386033","","","","10u"
"2","3","D1, D2, D3","SOD-882_0402_RCLAMP0521P-N","00-kiml-power-protection:SOD-882_0402_RCLAMP0521P-N","Diode_SMD:D_0402_1005Metric","https://datasheet.lcsc.com/lcsc/1811071612_LRC-LESD8D3-3CAT5G_C172409.pdf","","https://jlcpcb.com/partdetail/Born-RCLAMP0521PN/C316043","","BORN","RCLAMP0521P-N","","","Extended Part","","JLCPCB","","C316043","","","","5V"
"3","3","D4, D5, D8","0402_RED_16-213SDRC/S530-A3/TR8","00-kiml-led-smd:0402_RED_16-213SDRC/S530-A3/TR8","LED_SMD:LED_0402_1005Metric","~","","https://jlcpcb.com/partdetail/EverlightElec-16_213SDRC_S530_A3TR8/C71911","","Everlight","16-213SDRC/S530-A3/TR8","","","","","JLCPCB","","C71911","","","","LED"
"4","2","D6, D7","SS34","00-kiml-diode:SS34","00-kiml-diode:DO-214AC","https://datasheet.lcsc.com/lcsc/2304140030_BORN-SS34_C266553.pdf","","https://jlcpcb.com/partdetail/Born-SS34/C266553","","Jiangsu Changjing Electronics Technology","SS34","","3A","Extended Part","","JLCPCB","","C266553","","","","D"
"5","2","D9, D10","0402_BLUE_NCD0402B1","00-kiml-led-smd:0402_BLUE_NCD0402B1","LED_SMD:LED_0402_1005Metric","~","","https://jlcpcb.com/partdetail/142013-NCD0402B1/C130724","","Foshan","NCD0402B1","","","","","JLCPCB","","C130724","","","","LED"
"6","4","H1, H2, H3, H4","MountingHole_Pad","Mechanical:MountingHole_Pad","","~","","","","","","","","","","","","","","","",""
"7","1","J1","TYPE-C-31-M-12","00-kiml-connector-usb:USB_C_Receptacle_USB2.0_TYPE-C-31-M-12","00-kiml-connector-usb:USB_C_Receptacle_HRO_TYPE-C-31-M-12","https://datasheet.lcsc.com/lcsc/2205251630_Korean-Hroparts-Elec-TYPE-C-31-M-12_C165948.pdf","","https://jlcpcb.com/partdetail/Korean_HropartsElec-TYPE_C_31_M12/C165948","","Korean Hroparts","TYPE-C-31-M-12","","","Extended Part","","JLCPCB","","C165948","","","","USB-C"
"8","1","J2","Conn-02x05_PZ254-2-05-Z-8.5","00-kiml-connector-pin-header-2.54mm:Conn-02x05_PZ254-2-05-Z-8.5","Connector_PinHeader_2.54mm:PinHeader_2x05_P2.54mm_Vertical","https://datasheet.lcsc.com/lcsc/2306091006_HCTL-PZ254-2-05-Z-8-5_C2894966.pdf","","https://www.lcsc.com/product-detail/Pin-Headers_HCTL-HCTL-PZ254-2-05-Z-8.5_C2894966.html","","HCTL","PZ254-2-05-Z-8.5","","","","","LCSC","","C2894966","","","","ML_CONN"
"9","1","L1","FB_2A_0805_220R@100MHz_BLM21PG221SN1D","00-kiml-inductors:FB_2A_0805_220R@100MHz_BLM21PG221SN1D","Inductor_SMD:L_0805_2012Metric_Pad1.15x1.40mm_HandSolder","~","","https://jlcpcb.com/partdetail/MurataElectronics-BLM21PG221SN1D/C85840","","Murata Electronics","BLM21PG221SN1D","","2A","","","JLCPCB","","C85840","","","","bead"
"10","2","Q1, Q2","AO3401A","00-kiml-transistor-fet:AO3401A","Package_TO_SOT_SMD:SOT-23","https://datasheet.lcsc.com/lcsc/1810171817_Alpha---Omega-Semicon-AO3401A_C15127.pdf","","https://lcsc.com/product-detail/MOSFETs_Alpha-Omega-Semicon-AO3401A_C15127.html","https://jlcpcb.com/partdetail/Alpha_OmegaSemicon-AO3401A/C15127","Alpha & Omega Semiconductor Inc.","AO3401A","","","","Basic Part","LCSC","JLCPCB","C15127","C15127","","","AO3401A"
"11","2","Q3, Q4","AO3400A","00-kiml-transistor-fet:AO3400A","Package_TO_SOT_SMD:SOT-23","http://www.aosmd.com/pdfs/datasheet/AO3400A.pdf","","https://jlcpcb.com/partdetail/Alpha_OmegaSemicon-AO3400A/C20917","","Alpha & Omega Semicon","AO3400A","","","Basic Part","","JLCPCB","","C20917","","","","AO3400A"
"12","12","R1, R5, R6, R7, R8, R16, R17, R18, R19, R20, R24, R25","10k_0402_0402WGF1002TCE","00-kiml-resistors-smd:10k_0402_0402WGF1002TCE","Resistor_SMD:R_0402_1005Metric","https://datasheet.lcsc.com/lcsc/2206010100_UNI-ROYAL-Uniroyal-Elec-0402WGF1002TCE_C25744.pdf","","https://jlcpcb.com/partdetail/26487-0402WGF1002TCE/C25744","","UNI-ROYAL","0402WGF1002TCE","62.5mW","","Basic part","","JLCPCB","","C25744","","100ppm","1%","10k"
"13","2","R2, R3","5.1k_0603_0603WAF5101T5E","00-kiml-resistors-smd:5.1k_0603_0603WAF5101T5E","Resistor_SMD:R_0603_1608Metric","https://datasheet.lcsc.com/lcsc/2206010116_UNI-ROYAL-Uniroyal-Elec-0603WAF5101T5E_C23186.pdf","","https://jlcpcb.com/partdetail/23913-0603WAF5101T5E/C23186","","UNI-ROYAL","0603WAF5101T5E","","","Basic Part","","JLCPCB","","C23186","","","1%","5.1k"
"14","1","R4","56k_0402_ERJ2RKF5602X","00-kiml-resistors-smd:56k_0402_ERJ2RKF5602X","Resistor_SMD:R_0402_1005Metric","","","https://jlcpcb.com/partdetail/Panasonic-ERJ2RKF5602X/C413104","","PANASONIC","ERJ2RKF5602X","","","","","JLCPCB","","C413104","","","1%","56k"
"15","5","R9, R10, R14, R26, R27","1k_0402_0402WGF1001TCE","00-kiml-resistors-smd:1k_0402_0402WGF1001TCE","Resistor_SMD:R_0402_1005Metric","https://datasheet.lcsc.com/lcsc/2206010216_UNI-ROYAL-Uniroyal-Elec-0402WGF1001TCE_C11702.pdf","","https://jlcpcb.com/partdetail/12256-0402WGF1001TCE/C11702","","UNI-ROYAL","0402WGF1001TCE","62.5mW","","Basic part","","JLCPCB","","C11702","","","1%","1k"
"16","7","R11, R12, R13, R15, R21, R22, R23","32.4R_0402_AC0402FR-0732R4L","00-kiml-resistors-smd:32.4R_0402_AC0402FR-0732R4L","Resistor_SMD:R_0402_1005Metric","","","https://jlcpcb.com/partdetail/Yageo-AC0402FR0732R4L/C226994","","YAGEO","AC0402FR-0732R4L","","","","","JLCPCB","","C226994","","","1%","32.4R"
"17","1","SW1","SW_DIP_x02_50mil_1.27mm_TP-02","00-kiml-switch-button-smd:SW_DIP_x02_50mil_1.27mm_TP-02","00-kiml-switch-button-smd:SW_DIP_1.27mm_0.50mil_TP-02","https://datasheet.lcsc.com/lcsc/2005262138_Yuandi-TP-02_C559165.pdf","","https://jlcpcb.com/partdetail/Yuandi-TP02/C559165","","Yuandi","TP-02","","","Extended part","","JLCPCB","","C559165","","","","PWR_SW"
"18","1","U1","LD39200DPUR","00-kiml-regulator-linear:LD39200DPUR","Package_DFN_QFN:DFN-8-1EP_4x4mm_P0.8mm_EP2.3x3.24mm","https://datasheet.lcsc.com/lcsc/2010270935_STMicroelectronics-LD39200DPUR_C880590.pdf","","https://jlcpcb.com/partdetail/Stmicroelectronics-LD39200DPUR/C880590","","ST","LD39200DPUR","","","Extended Part","","JLCPCB","","C880590","","","","LD39200DPUR"
"19","1","U2","CP2102-GMR","00-kiml-interface_usb:CP2102-GMR","Package_DFN_QFN:QFN-28-1EP_5x5mm_P0.5mm_EP3.35x3.35mm","https://datasheet.lcsc.com/lcsc/1811081920_SILICON-LABS-CP2102-GMR_C6568.pdf","","https://jlcpcb.com/partdetail/SiliconLabs-CP2102GMR/C6568","","Silicon Labs","CP2102-GMR","","","Basic Part","","JLCPCB","","C6568","","","","CP2102"
"20","4","U3, U4, U5, U6","TI_SN74LVC1G125DRYR","00-kiml-74xGxx:TI_SN74LVC1G125DRYR","Package_SON:Texas_USON-6_1x1.45mm_P0.5mm_SMD","https://www.ti.com/lit/ds/symlink/sn74lvc1g125.pdf","","https://jlcpcb.com/partdetail/TexasInstruments-SN74LVC1G125DRYR/C527546","","Texas Instruments","SN74LVC1G125DRYR","","","Extended part","","JLCPCB","","C527546","","","","SN74LVC1G125"
