Item,Comment,Qty,Reference(s),JLCPCB,MFR,MPN,Part type,Footprint
1,100n,6,"C1, C6, C7, C8, C9, C10",C307331,Samsung,CL05B104KB54PNC,Basic part,Capacitor_SMD:C_0603_1608Metric
2,22u,3,"C2, C3, C5",C5672,Samsung,CL31A226KPHNNNE,Basic part,Capacitor_SMD:C_1206_3216Metric
3,10n,1,C4,C15195,Samsung,CL05B103KB5NNNC,Basic part,Capacitor_SMD:C_0603_1608Metric
4,5V_ON,3,"D1, D2, D3",C2286,Hubei KENTO,KT-0603R,Basic part,LED_SMD:LED_0603_1608Metric
5,Micro_USB,1,J1,C132563,Amphenol ICC,10118194-0001LF,Extended part,00-kiml-connector-usb:USB_Micro-B_Amphenol_10118194_Horizontal
6,02x05,1,J2,C239059,Amphenol,20021111-00010T4LF,Extended part,Connector_PinHeader_1.27mm:PinHeader_2x05_P1.27mm_Vertical
7,220R@100 MHz,1,L1,C85840,Murata Electronics,BLM21PG221SN1D,,Inductor_SMD:L_0805_2012Metric_Pad1.15x1.40mm_HandSolder
8,AO3400A,2,"Q1, Q2",C20917,Alpha & Omega Semicon,AO3400A,Basic part,Package_TO_SOT_SMD:SOT-23
9,10k,1,R1,C25744,UNI-ROYAL,0402WGF1002TCE,Basic part,Resistor_SMD:R_0402_1005Metric
10,1k,1,R2,C11702,UNI-ROYAL,0402WGF1001TCE,Basic part,Resistor_SMD:R_0402_1005Metric
11,1k,1,R3,C11702,UNI-ROYAL,0402WGF1001TCE,Basic part,Resistor_SMD:R_0402_1005Metric
12,1k,1,R4,C11702,UNI-ROYAL,0402WGF1001TCE,Basic part,Resistor_SMD:R_0402_1005Metric
13,10k,1,R5,C25744,UNI-ROYAL,0402WGF1002TCE,Basic part,Resistor_SMD:R_0402_1005Metric
14,10k,1,R6,C25744,UNI-ROYAL,0402WGF1002TCE,Basic part,Resistor_SMD:R_0402_1005Metric
15,10k,1,R7,C25744,UNI-ROYAL,0402WGF1002TCE,Basic part,Resistor_SMD:R_0402_1005Metric
16,10k,1,R8,C25744,UNI-ROYAL,0402WGF1002TCE,Basic part,Resistor_SMD:R_0402_1005Metric
17,10k,1,R9,C25744,UNI-ROYAL,0402WGF1002TCE,Basic part,Resistor_SMD:R_0402_1005Metric
18,1k,1,R10,C11702,UNI-ROYAL,0402WGF1001TCE,Basic part,Resistor_SMD:R_0402_1005Metric
19,1k,1,R11,C11702,UNI-ROYAL,0402WGF1001TCE,Basic part,Resistor_SMD:R_0402_1005Metric
20,10k,1,R12,C25744,UNI-ROYAL,0402WGF1002TCE,Basic part,Resistor_SMD:R_0402_1005Metric
21,10k,1,R13,C25744,UNI-ROYAL,0402WGF1002TCE,Basic part,Resistor_SMD:R_0402_1005Metric
22,PWR_SEL,1,SW1,C559165,Yuandi,TP-02,Extended part,00-kiml-button-switch-smd:SW_DIP_1.27mm_0.50mil_TP-02
23,AMS1117-3.3,1,U1,C6186,Advanced Monolithic Systems,AMS1117-3.3,Basic part,Package_TO_SOT_SMD:SOT-223-3_TabPin2
24,SRV05-4,1,U2,C85364,ProTek Devices,SRV05-4,Basic part,Package_TO_SOT_SMD:SOT-23-6
25,CH340C,1,U3,C84681,WCH,CH340C,Extended part,Package_SO:SOIC-16_3.9x9.9mm_P1.27mm
26,74LVC1G125,4,"U4, U5, U6, U7",C12519,Nexperia,74LVC1G125GW,Extended part,Package_TO_SOT_SMD:SOT-23-5
