Item,Comment,Qty,Designator,Value,LCSC,JLCPCB Link,MFR,MPN,JLCPCB type,Footprint
1,100n,6,"C1, C6, C7, C8, C9, C10",100n_0402_CL05B104KB54PNC,C307331,https://jlcpcb.com/partdetail/291005-CL05B104KB54PNC/C307331,Samsung,CL05B104KB54PNC,Basic part,Capacitor_SMD:C_0603_1608Metric
2,4.7u,3,"C2, C3, C5",4.7u_1206_1206B475K500NT,C29823,https://jlcpcb.com/partdetail/30577-1206B475K500NT/C29823,FH,1206B475K500NT,Basic part,Capacitor_SMD:C_1206_3216Metric
3,10n,1,C4,10n_0402_CL05B103KB5NNNC,C15195,https://jlcpcb.com/partdetail/15869-CL05B103KB5NNNC/C15195,Samsung,CL05B103KB5NNNC,Basic part,Capacitor_SMD:C_0603_1608Metric
4,5V_ON,3,"D1, D2, D3",0603_RED_KT-0603R,C2286,https://jlcpcb.com/partdetail/Hubei_KentoElec-KT0603R/C2286,Hubei KENTO,KT-0603R,Basic part,LED_SMD:LED_0603_1608Metric
5,Micro_USB,1,J1,USB_B_Micro_10118194-0001LF,C132563,https://jlcpcb.com/partdetail/AmphenolIcc-101181940001LF/C132563,Amphenol ICC,10118194-0001LF,Extended part,00-kiml-connector-usb:USB_Micro-B_Amphenol_10118194_Horizontal
6,02x05,1,J2,1.27mm_50mils_male_DW127R-22-10-23_02x05,C239059,https://jlcpcb.com/partdetail/AmphenolIcc-2002111100010T4LF/C239059,Amphenol,20021111-00010T4LF,Extended part,Connector_PinHeader_1.27mm:PinHeader_2x05_P1.27mm_Vertical
7,220R@100 MHz,1,L1,0805_FB_220R@100MHz_BLM21PG221SN1D,C85840,https://jlcpcb.com/partdetail/MurataElectronics-BLM21PG221SN1D/C85840,Murata Electronics,BLM21PG221SN1D,,Inductor_SMD:L_0805_2012Metric_Pad1.15x1.40mm_HandSolder
8,AO3400A,2,"Q1, Q2",AO3400A,C20917,,Alpha & Omega Semicon,AO3400A,Basic part,Package_TO_SOT_SMD:SOT-23
9,10k,1,R1,10k_0402_0402WGF1002TCE,C25744,https://jlcpcb.com/partdetail/26487-0402WGF1002TCE/C25744,UNI-ROYAL,0402WGF1002TCE,Basic part,Resistor_SMD:R_0402_1005Metric
10,1k,1,R2,1k_0402_0402WGF1001TCE,C11702,https://jlcpcb.com/partdetail/12256-0402WGF1001TCE/C11702,UNI-ROYAL,0402WGF1001TCE,Basic part,Resistor_SMD:R_0402_1005Metric
11,1k,1,R3,1k_0402_0402WGF1001TCE,C11702,https://jlcpcb.com/partdetail/12256-0402WGF1001TCE/C11702,UNI-ROYAL,0402WGF1001TCE,Basic part,Resistor_SMD:R_0402_1005Metric
12,1k,1,R4,1k_0402_0402WGF1001TCE,C11702,https://jlcpcb.com/partdetail/12256-0402WGF1001TCE/C11702,UNI-ROYAL,0402WGF1001TCE,Basic part,Resistor_SMD:R_0402_1005Metric
13,10k,1,R5,10k_0402_0402WGF1002TCE,C25744,https://jlcpcb.com/partdetail/26487-0402WGF1002TCE/C25744,UNI-ROYAL,0402WGF1002TCE,Basic part,Resistor_SMD:R_0402_1005Metric
14,10k,1,R6,10k_0402_0402WGF1002TCE,C25744,https://jlcpcb.com/partdetail/26487-0402WGF1002TCE/C25744,UNI-ROYAL,0402WGF1002TCE,Basic part,Resistor_SMD:R_0402_1005Metric
15,10k,1,R7,10k_0402_0402WGF1002TCE,C25744,https://jlcpcb.com/partdetail/26487-0402WGF1002TCE/C25744,UNI-ROYAL,0402WGF1002TCE,Basic part,Resistor_SMD:R_0402_1005Metric
16,10k,1,R8,10k_0402_0402WGF1002TCE,C25744,https://jlcpcb.com/partdetail/26487-0402WGF1002TCE/C25744,UNI-ROYAL,0402WGF1002TCE,Basic part,Resistor_SMD:R_0402_1005Metric
17,10k,1,R9,10k_0402_0402WGF1002TCE,C25744,https://jlcpcb.com/partdetail/26487-0402WGF1002TCE/C25744,UNI-ROYAL,0402WGF1002TCE,Basic part,Resistor_SMD:R_0402_1005Metric
18,1k,1,R10,1k_0402_0402WGF1001TCE,C11702,https://jlcpcb.com/partdetail/12256-0402WGF1001TCE/C11702,UNI-ROYAL,0402WGF1001TCE,Basic part,Resistor_SMD:R_0402_1005Metric
19,1k,1,R11,1k_0402_0402WGF1001TCE,C11702,https://jlcpcb.com/partdetail/12256-0402WGF1001TCE/C11702,UNI-ROYAL,0402WGF1001TCE,Basic part,Resistor_SMD:R_0402_1005Metric
20,10k,1,R12,10k_0402_0402WGF1002TCE,C25744,https://jlcpcb.com/partdetail/26487-0402WGF1002TCE/C25744,UNI-ROYAL,0402WGF1002TCE,Basic part,Resistor_SMD:R_0402_1005Metric
21,10k,1,R13,10k_0402_0402WGF1002TCE,C25744,https://jlcpcb.com/partdetail/26487-0402WGF1002TCE/C25744,UNI-ROYAL,0402WGF1002TCE,Basic part,Resistor_SMD:R_0402_1005Metric
22,PWR_SEL,1,SW1,SW_DIP_x02_50mil_1.27mm_TP-02,C559165,https://jlcpcb.com/partdetail/Yuandi-TP02/C559165,Yuandi,TP-02,Extended part,00-kiml-button-switch-smd:SW_DIP_1.27mm_0.50mil_TP-02
23,AMS1117-3.3,1,U1,AMS1117-3.3,C6186,https://jlcpcb.com/partdetail/Advanced_MonolithicSystems-AMS1117_33/C6186,Advanced Monolithic Systems,AMS1117-3.3,Basic part,Package_TO_SOT_SMD:SOT-223-3_TabPin2
24,SRV05-4,1,U2,SRV05-4,C85364,https://jlcpcb.com/partdetail/ProtekDevices-SRV05_4_PT7/C85364,ProTek Devices,SRV05-4,Basic part,Package_TO_SOT_SMD:SOT-23-6
25,CH340C,1,U3,CH340C,C84681,https://jlcpcb.com/partdetail/wch_jiangsu_Qin_heng-CH340C/C84681,WCH,CH340C,Extended part,Package_SO:SOIC-16_3.9x9.9mm_P1.27mm
26,74LVC1G125,4,"U4, U5, U6, U7",74LVC1G125GW_Nexperia,C12519,https://jlcpcb.com/partdetail/Nexperia-74LVC1G125GW125/C12519,Nexperia,74LVC1G125GW,Extended part,Package_TO_SOT_SMD:SOT-23-5