Designator,Val,Package,MidX,MidY,Rotation,Layer
C1,100n_0402_CL05B104KB54PNC,C_0603_1608Metric,10.702,-6.4624,90,top
C2,22u_1206_CL31A226KPHNNNE,C_1206_3216Metric,24.037,-5.6496,-90,top
C3,22u_1206_CL31A226KPHNNNE,C_1206_3216Metric,21.624,-5.6496,-90,top
C4,10n_0402_CL05B103KB5NNNC,C_0603_1608Metric,13.2442,-12.533,0,top
C5,22u_1206_CL31A226KPHNNNE,C_1206_3216Metric,27.7476,-8.3674,0,top
C6,100n_0402_CL05B104KB54PNC,C_0603_1608Metric,23.849,-8.7484,0,top
C7,100n_0402_CL05B104KB54PNC,C_0603_1608Metric,32.6842,-11.5996,0,top
C8,100n_0402_CL05B104KB54PNC,C_0603_1608Metric,32.6842,-15.1556,0,top
C9,100n_0402_CL05B104KB54PNC,C_0603_1608Metric,32.7096,-18.7116,0,top
C10,100n_0402_CL05B104KB54PNC,C_0603_1608Metric,32.735,-22.42,0,top
D1,0603_RED_KT-0603R,LED_0603_1608Metric,40.31,-3.93,180,top
D2,0603_RED_KT-0603R,LED_0603_1608Metric,40.31,-2.34,180,top
D3,0603_RED_KT-0603R,LED_0603_1608Metric,40.2575,-5.5716,180,top
J1,USB_B_Micro_10118194-0001LF,USB_Micro-B_Amphenol_10118194_Horizontal,2.754,-15,-90,top
J2,1.27mm_50mils_male_DW127R-22-10-23_02x05,PinHeader_2x05_P1.27mm_Vertical,51.385,-17.55,180,top
L1,0805_FB_220R@100MHz_BLM21PG221SN1D,L_0805_2012Metric_Pad1.15x1.40mm_HandSolder,7.58,-11.517,0,top
Q1,AO3400A,SOT-23,43.0638,-13.1954,90,top
Q2,AO3400A,SOT-23,43.0638,-17.107,-90,top
R1,10k_0402_0402WGF1002TCE,R_0402_1005Metric,23.328,-10.12,180,top
R2,1k_0402_0402WGF1001TCE,R_0402_1005Metric,37.83,-3.84,0,top
R3,1k_0402_0402WGF1001TCE,R_0402_1005Metric,37.83,-2.33,0,top
R4,1k_0402_0402WGF1001TCE,R_0402_1005Metric,37.78,-5.1,0,top
R5,10k_0402_0402WGF1002TCE,R_0402_1005Metric,12.92,-9.8,0,top
R6,10k_0402_0402WGF1002TCE,R_0402_1005Metric,25.9786,-22.3184,180,top
R7,10k_0402_0402WGF1002TCE,R_0402_1005Metric,25.9786,-18.6354,180,top
R8,10k_0402_0402WGF1002TCE,R_0402_1005Metric,25.9786,-15.0794,180,top
R9,10k_0402_0402WGF1002TCE,R_0402_1005Metric,25.9786,-11.5234,180,top
R10,1k_0402_0402WGF1001TCE,R_0402_1005Metric,40.8032,-14.186,-90,top
R11,1k_0402_0402WGF1001TCE,R_0402_1005Metric,45.3244,-14.186,-90,top
R12,10k_0402_0402WGF1002TCE,R_0402_1005Metric,40.7778,-16.1164,90,top
R13,10k_0402_0402WGF1002TCE,R_0402_1005Metric,45.3244,-16.1398,90,top
SW1,SW_DIP_x02_50mil_1.27mm_TP-02,SW_DIP_1.27mm_0.50mil_TP-02,31.9622,-3.3128,-90,top
U1,AMS1117-3.3,SOT-223-3_TabPin2,15.9598,-4.3288,0,top
U2,SRV05-4,SOT-23-6,7.453,-14.692,90,top
U3,CH340C,SOIC-16_3.9x9.9mm_P1.27mm,18.5274,-13.4474,0,top
U4,74LVC1G125GW_Nexperia,SOT-23-5,29.0266,-19.6514,0,top
U5,74LVC1G125GW_Nexperia,SOT-23-5,29.0266,-16.0954,0,top
U6,74LVC1G125GW_Nexperia,SOT-23-5,29.0266,-12.5394,0,top
U7,74LVC1G125GW_Nexperia,SOT-23-5,29.0266,-23.3344,0,top
