"Comment","Designator","Footprint","LCSC Part Number"
"10u_0402_LDK105CBJ106MVLF","C1,C2,C3,C4,C5,C6,C7,C8,C9","C_0402_1005Metric","C386033"
"SOD-882_0402_RCLAMP0521P-N","D1,D2,D3","D_0402_1005Metric","C316043"
"0402_RED_16-213SDRC/S530-A3/TR8","D4,D5,D8","LED_0402_1005Metric","C71911"
"SS34","D6,D7","DO-214AC","C266553"
"0402_BLUE_NCD0402B1","D9,D10","LED_0402_1005Metric","C130724"
"TYPE-C-31-M-12","J1","USB_C_Receptacle_HRO_TYPE-C-31-M-12","C165948"
"Conn-02x05_PZ254-2-05-Z-8.5","J2","PinHeader_2x05_P2.54mm_Vertical","C2894966"
"FB_2A_0805_220R@100MHz_BLM21PG221SN1D","L1","L_0805_2012Metric_Pad1.15x1.40mm_HandSolder","C85840"
"AO3401A","Q1,Q2","SOT-23","C15127"
"AO3400A","Q3,Q4","SOT-23","C20917"
"10k_0402_0402WGF1002TCE","R1,R5,R6,R7,R8,R16,R17,R18,R19,R20,R24,R25","R_0402_1005Metric","C25744"
"5.1k_0603_0603WAF5101T5E","R2,R3","R_0603_1608Metric","C23186"
"56k_0402_ERJ2RKF5602X","R4","R_0402_1005Metric","C413104"
"1k_0402_0402WGF1001TCE","R9,R10,R14,R26,R27","R_0402_1005Metric","C11702"
"32.4R_0402_AC0402FR-0732R4L","R11,R12,R13,R15,R21,R22,R23","R_0402_1005Metric","C226994"
"SW_DIP_x02_50mil_1.27mm_TP-02","SW1","SW_DIP_1.27mm_0.50mil_TP-02","C559165"
"LD39200DPUR","U1","DFN-8-1EP_4x4mm_P0.8mm_EP2.3x3.24mm","C880590"
"CP2102-GMR","U2","QFN-28-1EP_5x5mm_P0.5mm_EP3.35x3.35mm","C6568"
"TI_SN74LVC1G125DRYR","U3,U4,U5,U6","Texas_USON-6_1x1.45mm_P0.5mm_SMD","C527546"
